company_name,total_responses,want_count,unsure_count,not_want_count,unknown_brand_count,avg_response_score,want_pct,unsure_pct,not_want_pct,unknown_brand_pct,rank_want,rank_not_want,rank_unknown_brand,current_industry
1Fit,1111,198,344,538,31,-0.4685185185185185,0.1782178217821782,0.3096309630963096,0.4842484248424842,0.0279027902790279,38.0,11.0,70.0,ИТ продуктовая компания
Air Astana,1111,548,243,309,11,0.2381818181818182,0.4932493249324932,0.2187218721872187,0.2781278127812781,0.0099009900990099,4.0,50.0,81.0,Агрегатор / Платформа
Alabs.Team (Noventiq),1111,62,186,239,624,-0.4948665297741273,0.0558055805580558,0.1674167416741674,0.2151215121512151,0.5616561656165616,76.0,63.0,14.0,Разработка ПО | IT Outsourcing
Alatau City Bank,1111,148,339,470,154,-0.45141065830721,0.1332133213321332,0.3051305130513051,0.423042304230423,0.1386138613861386,46.0,21.0,50.0,Финансовый сектор (банк / брокер / страховая компания)
Alatau City Invest,1111,112,284,469,246,-0.5953757225433526,0.1008100810081008,0.2556255625562556,0.4221422142214221,0.2214221422142214,59.0,22.0,42.0,Финансовый сектор (банк / брокер / страховая компания)
Andersen Labs,1111,233,210,287,381,-0.1465753424657534,0.2097209720972097,0.189018901890189,0.2583258325832583,0.3429342934293429,30.0,53.0,30.0,Разработка ПО | IT Outsourcing
AtyrauTechInvest,1111,39,155,245,672,-0.6378132118451025,0.0351035103510351,0.1395139513951395,0.2205220522052205,0.6048604860486049,82.0,60.0,10.0,Горнодобывающая промышленность
Awara IT,1111,38,158,177,738,-0.5067024128686327,0.0342034203420342,0.1422142214221422,0.1593159315931593,0.6642664266426642,83.0,72.0,6.0,Разработка ПО | IT Outsourcing
Axellect,1111,49,149,167,746,-0.4438356164383562,0.0441044104410441,0.1341134113411341,0.1503150315031503,0.6714671467146714,79.0,74.0,5.0,Разработка ПО | IT Outsourcing
BCC Hub,1111,243,263,277,328,-0.0727969348659003,0.2187218721872187,0.2367236723672367,0.2493249324932493,0.2952295229522952,28.0,55.0,39.0,Другое
BCC Invest,1111,237,292,397,185,-0.275377969762419,0.2133213321332133,0.2628262826282628,0.3573357335733573,0.1665166516651665,29.0,31.0,48.0,Финансовый сектор (банк / брокер / страховая компания)
BI Innovations,1111,329,304,335,143,-0.0712809917355371,0.2961296129612961,0.2736273627362736,0.3015301530153015,0.1287128712871287,19.0,45.0,51.0,Разработка ПО | IT Outsourcing
BTSDigital,1111,213,253,375,270,-0.3127229488703923,0.1917191719171917,0.2277227722772277,0.3375337533753375,0.243024302430243,34.0,35.0,41.0,Разработка ПО | IT Outsourcing
Bank CenterCredit & BCC Hub,1111,400,312,362,37,0.0121042830540037,0.36003600360036,0.2808280828082808,0.3258325832583258,0.0333033303330333,12.0,39.0,67.0,Финансовый сектор (банк / брокер / страховая компания)
Bank RBK,1111,87,366,586,72,-0.6525505293551492,0.0783078307830783,0.3294329432943294,0.5274527452745275,0.0648064806480648,68.0,8.0,61.0,Финансовый сектор (банк / брокер / страховая компания)
Beeline,1111,532,252,309,18,0.2799634034766697,0.4788478847884788,0.2268226822682268,0.2781278127812781,0.0162016201620162,5.0,50.0,76.0,Телекоммуникации
Bereke Bank,1111,202,337,537,35,-0.4423791821561338,0.1818181818181818,0.3033303330333033,0.4833483348334833,0.0315031503150315,37.0,12.0,69.0,Финансовый сектор (банк / брокер / страховая компания)
Bilim Group,1111,80,229,371,431,-0.5808823529411765,0.072007200720072,0.2061206120612061,0.3339333933393339,0.3879387938793879,72.0,36.0,27.0,Образование / EdTech
Business & Technology Services (ERG BTS),1111,168,211,253,479,-0.2136075949367088,0.1512151215121512,0.1899189918991899,0.2277227722772277,0.4311431143114311,41.0,57.0,25.0,Разработка ПО | IT Outsourcing
Cerebra,1111,175,236,198,502,-0.0377668308702791,0.1575157515751575,0.2124212421242124,0.1782178217821782,0.4518451845184518,39.0,69.0,23.0,ИТ продуктовая компания
Chocofamily,1111,266,386,401,58,-0.2127255460588794,0.2394239423942394,0.3474347434743474,0.3609360936093609,0.0522052205220522,27.0,30.0,65.0,E-commerce | Логистика
Citix,1111,214,246,282,369,-0.1954177897574124,0.1926192619261926,0.2214221422142214,0.2538253825382538,0.3321332133213321,33.0,54.0,33.0,ИТ продуктовая компания
CyberNet AI,1111,126,224,162,599,-0.09765625,0.1134113411341134,0.2016201620162016,0.1458145814581458,0.5391539153915391,52.0,77.0,17.0,ИТ продуктовая компания
DAR Tech,1111,137,252,353,369,-0.4501347708894879,0.1233123312331233,0.2268226822682268,0.3177317731773177,0.3321332133213321,49.0,41.0,33.0,Разработка ПО | IT Outsourcing
DataArt,1111,320,216,198,377,0.2479564032697547,0.288028802880288,0.1944194419441944,0.1782178217821782,0.3393339333933393,20.0,69.0,31.0,Разработка ПО | IT Outsourcing
DeoniX (экс DIS Group),1111,28,140,160,783,-0.5487804878048781,0.0252025202520252,0.126012601260126,0.144014401440144,0.7047704770477048,84.0,78.0,1.0,Разработка ПО | IT Outsourcing
Documentolog,1111,102,284,482,243,-0.6013824884792627,0.0918091809180918,0.2556255625562556,0.4338433843384338,0.2187218721872187,63.0,20.0,43.0,ИТ продуктовая компания
EPAM Kazakhstan,1111,508,237,248,118,0.3363544813695871,0.4572457245724572,0.2133213321332133,0.2232223222322232,0.1062106210621062,7.0,59.0,55.0,Разработка ПО | IT Outsourcing
Eurasian Bank,1111,92,308,675,36,-0.7916279069767442,0.0828082808280828,0.2772277227722772,0.6075607560756076,0.0324032403240324,67.0,3.0,68.0,Финансовый сектор (банк / брокер / страховая компания)
ForteBank,1111,273,329,485,24,-0.3026678932842686,0.2457245724572457,0.2961296129612961,0.4365436543654365,0.0216021602160216,25.0,19.0,74.0,Финансовый сектор (банк / брокер / страховая компания)
Freedom Bank,1111,532,254,314,11,0.21,0.4788478847884788,0.2286228622862286,0.2826282628262826,0.0099009900990099,5.0,48.0,81.0,Финансовый сектор (банк / брокер / страховая компания)
Freedom Broker,1111,385,271,393,62,-0.0810295519542421,0.3465346534653465,0.2439243924392439,0.3537353735373537,0.0558055805580558,13.0,32.0,63.0,Финансовый сектор (банк / брокер / страховая компания)
Freedom Cloud,1111,305,315,368,123,-0.1396761133603239,0.2745274527452745,0.2835283528352835,0.3312331233123312,0.1107110711071107,23.0,37.0,52.0,ИТ продуктовая компания
"Freedom Lifestyle (Arbuz, Aviata, Ticketon)",1111,530,267,287,27,0.2749077490774907,0.477047704770477,0.2403240324032403,0.2583258325832583,0.0243024302430243,6.0,53.0,73.0,E-commerce | Логистика
Freedom Pay,1111,385,295,356,75,0.0038610038610038,0.3465346534653465,0.2655265526552655,0.3204320432043204,0.0675067506750675,13.0,40.0,60.0,Fintech
Freedom Telecom,1111,352,323,401,35,-0.1143122676579925,0.3168316831683168,0.2907290729072907,0.3609360936093609,0.0315031503150315,17.0,30.0,69.0,Телекоммуникации
Globerce Capital,1111,114,210,240,547,-0.3297872340425531,0.1026102610261026,0.189018901890189,0.216021602160216,0.4923492349234923,58.0,62.0,19.0,Финансовый сектор (банк / брокер / страховая компания)
Halyk Bank,1111,383,216,498,14,-0.1731996353691887,0.3447344734473447,0.1944194419441944,0.4482448244824482,0.0126012601260126,14.0,17.0,79.0,Финансовый сектор (банк / брокер / страховая компания)
Halyk FinService,1111,207,265,517,122,-0.4711830131445905,0.1863186318631863,0.2385238523852385,0.4653465346534653,0.1098109810981098,35.0,14.0,53.0,Финансовый сектор (банк / брокер / страховая компания)
Halyk Finance,1111,273,283,496,59,-0.3498098859315589,0.2457245724572457,0.2547254725472547,0.4464446444644464,0.0531053105310531,25.0,18.0,64.0,Финансовый сектор (банк / брокер / страховая компания)
Higgsfield AI,1111,415,191,206,299,0.3620689655172414,0.3735373537353735,0.1719171917191719,0.1854185418541854,0.2691269126912691,11.0,67.0,40.0,ИТ продуктовая компания
InDrive,1111,576,268,244,23,0.4053308823529412,0.5184518451845185,0.2412241224122412,0.2196219621962196,0.0207020702070207,3.0,61.0,75.0,Агрегатор / Платформа
KAP Technology,1111,39,144,171,757,-0.5056497175141242,0.0351035103510351,0.1296129612961296,0.1539153915391539,0.6813681368136814,82.0,73.0,3.0,Разработка ПО | IT Outsourcing
KMF Bank,1111,127,287,529,168,-0.6394485683987274,0.1143114311431143,0.2583258325832583,0.4761476147614761,0.1512151215121512,51.0,13.0,49.0,Финансовый сектор (банк / брокер / страховая компания)
Kaspi Bank,1111,465,246,389,11,0.01,0.4185418541854185,0.2214221422142214,0.3501350135013501,0.0099009900990099,10.0,34.0,81.0,Финансовый сектор (банк / брокер / страховая компания)
KazDream IT Holding,1111,205,213,261,432,-0.1325478645066274,0.1845184518451845,0.1917191719171917,0.2349234923492349,0.3888388838883888,36.0,56.0,26.0,ИТ продуктовая компания
Kazteleport,1111,93,227,435,356,-0.6410596026490066,0.0837083708370837,0.2043204320432043,0.3915391539153915,0.3204320432043204,66.0,25.0,34.0,Телекоммуникации
Kcell,1111,357,330,409,15,-0.1167883211678832,0.3213321332133213,0.297029702970297,0.3681368136813681,0.0135013501350135,16.0,28.0,78.0,Телекоммуникации
Kolesa Group,1111,643,228,209,31,0.5518518518518518,0.5787578757875788,0.2052205220522052,0.1881188118811881,0.0279027902790279,2.0,65.0,70.0,Агрегатор / Платформа
Korona Tech Kazakhstan,1111,101,185,208,617,-0.3016194331983806,0.0909090909090909,0.1665166516651665,0.1872187218721872,0.5553555355535553,64.0,66.0,15.0,Разработка ПО | IT Outsourcing
Magnum GO E-Commerce,1111,141,334,589,47,-0.6024436090225563,0.1269126912691269,0.3006300630063006,0.5301530153015301,0.0423042304230423,47.0,7.0,66.0,E-commerce | Логистика
Mechta Market,1111,82,307,654,68,-0.7401725790987536,0.0738073807380738,0.2763276327632763,0.5886588658865887,0.0612061206120612,70.0,5.0,62.0,E-commerce | Логистика
Mycar Digital,1111,304,352,335,120,-0.089808274470232,0.2736273627362736,0.3168316831683168,0.3015301530153015,0.108010801080108,24.0,45.0,54.0,Агрегатор / Платформа
Mytona,1111,39,152,208,712,-0.6015037593984962,0.0351035103510351,0.1368136813681368,0.1872187218721872,0.6408640864086409,82.0,66.0,8.0,ИТ продуктовая компания
Netcracker Technology,1111,125,191,171,624,-0.1293634496919918,0.1125112511251125,0.1719171917191719,0.1539153915391539,0.5616561656165616,53.0,73.0,14.0,Разработка ПО | IT Outsourcing
Norsec Delta Projects,1111,56,139,165,751,-0.4111111111111111,0.0504050405040504,0.1251125112511251,0.1485148514851485,0.675967596759676,77.0,76.0,4.0,Строительство / Инжиниринг / Сервис
ONAY,1111,122,296,578,115,-0.6596385542168675,0.1098109810981098,0.2664266426642664,0.5202520252025202,0.1035103510351035,55.0,9.0,56.0,Fintech
Ozon,1111,479,306,298,28,0.2123730378578024,0.4311431143114311,0.2754275427542754,0.2682268226822682,0.0252025202520252,8.0,51.0,72.0,E-commerce | Логистика
PS Cloud Services (PS.kz),1111,158,258,364,331,-0.3512820512820512,0.1422142214221422,0.2322232223222322,0.3276327632763276,0.2979297929792979,43.0,38.0,38.0,ИТ продуктовая компания
Plata,1111,207,147,120,637,0.2932489451476793,0.1863186318631863,0.1323132313231323,0.108010801080108,0.5733573357335734,35.0,83.0,13.0,Fintech
Playrix,1111,228,174,185,524,0.06984667802385,0.2052205220522052,0.1566156615661566,0.1665166516651665,0.4716471647164716,32.0,71.0,22.0,ИТ продуктовая компания
Plexy Holding,1111,39,151,138,783,-0.4268292682926829,0.0351035103510351,0.1359135913591359,0.1242124212421242,0.7047704770477048,82.0,81.0,1.0,ИТ продуктовая компания
Prime Source,1111,86,212,405,408,-0.6543385490753911,0.0774077407740774,0.1908190819081908,0.3645364536453645,0.3672367236723672,69.0,29.0,29.0,Разработка ПО | IT Outsourcing
QazCloud,1111,139,294,339,339,-0.3678756476683937,0.1251125112511251,0.2646264626462646,0.3051305130513051,0.3051305130513051,48.0,43.0,36.0,ИТ продуктовая компания
QazCode,1111,231,213,244,423,0.0218023255813953,0.2079207920792079,0.1917191719171917,0.2196219621962196,0.3807380738073807,31.0,61.0,28.0,Разработка ПО | IT Outsourcing
Qiwi,1111,100,312,611,88,-0.6891495601173021,0.09000900090009,0.2808280828082808,0.54995499549955,0.0792079207920792,65.0,6.0,58.0,Fintech
Rocket Tech,1111,157,213,249,492,-0.2164781906300484,0.1413141314131413,0.1917191719171917,0.2241224122412241,0.4428442844284428,44.0,58.0,24.0,Разработка ПО | IT Outsourcing
STRONG Team,1111,74,189,185,663,-0.3526785714285714,0.0666066606660666,0.1701170117011701,0.1665166516651665,0.5967596759675967,73.0,71.0,11.0,Разработка ПО | IT Outsourcing
Sergek Group,1111,311,248,465,87,-0.2734375,0.2799279927992799,0.2232223222322232,0.4185418541854185,0.0783078307830783,21.0,23.0,59.0,ИТ продуктовая компания
Snoonu,1111,117,215,129,650,0.0065075921908893,0.1053105310531053,0.1935193519351935,0.1161116111611161,0.585058505850585,57.0,82.0,12.0,E-commerce | Логистика
Sulpak,1111,72,291,717,31,-0.8324074074074074,0.0648064806480648,0.2619261926192619,0.6453645364536453,0.0279027902790279,74.0,2.0,70.0,E-commerce | Логистика
T-Bank (Tinkoff R&D),1111,469,232,288,122,0.2052578361981799,0.4221422142214221,0.2088208820882088,0.2592259225922592,0.1098109810981098,9.0,52.0,53.0,Финансовый сектор (банк / брокер / страховая компания)
TSARKA,1111,269,242,226,374,0.112618724559023,0.2421242124212421,0.2178217821782178,0.2034203420342034,0.3366336633663366,26.0,64.0,32.0,ИТ продуктовая компания
Tarlan Payments,1111,41,201,336,533,-0.6885813148788927,0.0369036903690369,0.1809180918091809,0.3024302430243024,0.4797479747974797,81.0,44.0,20.0,Fintech
Technodom,1111,121,302,664,24,-0.7304507819687213,0.1089108910891089,0.2718271827182718,0.5976597659765976,0.0216021602160216,56.0,4.0,74.0,E-commerce | Логистика
Tele2/Altel,1111,374,314,410,13,-0.0947176684881603,0.3366336633663366,0.2826282628262826,0.369036903690369,0.0117011701170117,15.0,27.0,80.0,Телекоммуникации
Transtelecom,1111,103,281,512,215,-0.6473214285714286,0.0927092709270927,0.2529252925292529,0.4608460846084608,0.1935193519351935,62.0,16.0,45.0,Телекоммуникации
Umag,1111,49,223,310,529,-0.5824742268041238,0.0441044104410441,0.2007200720072007,0.279027902790279,0.4761476147614761,79.0,49.0,21.0,ИТ продуктовая компания
Verigram AI,1111,105,205,195,606,-0.2574257425742574,0.0945094509450945,0.1845184518451845,0.1755175517551755,0.5454545454545454,61.0,70.0,16.0,ИТ продуктовая компания
Wildberries,1111,332,289,460,30,-0.1702127659574468,0.2988298829882988,0.2601260126012601,0.414041404140414,0.027002700270027,18.0,24.0,71.0,E-commerce | Логистика
Wooppay,1111,170,279,325,337,-0.2894056847545219,0.153015301530153,0.2511251125112511,0.2925292529252925,0.3033303330333033,40.0,47.0,37.0,Fintech
Yandex Qazaqstan,1111,730,163,202,16,0.6703196347031963,0.6570657065706571,0.1467146714671467,0.1818181818181818,0.0144014401440144,1.0,68.0,77.0,ИТ продуктовая компания
Zimran,1111,124,194,226,567,-0.2573529411764705,0.1116111611161116,0.1746174617461746,0.2034203420342034,0.5103510351035103,54.0,64.0,18.0,ИТ продуктовая компания
abr tech (abr+),1111,269,313,333,196,-0.1103825136612021,0.2421242124212421,0.2817281728172817,0.2997299729972997,0.1764176417641764,26.0,46.0,46.0,Разработка ПО | IT Outsourcing
iHub Centras Group,1111,54,174,166,717,-0.3908629441624365,0.0486048604860486,0.1566156615661566,0.1494149414941494,0.6453645364536453,78.0,75.0,7.0,Образование / EdTech
iQSolutions,1111,46,137,157,771,-0.4117647058823529,0.0414041404140414,0.1233123312331233,0.1413141314131413,0.693969396939694,80.0,79.0,2.0,Разработка ПО | IT Outsourcing
re:Kassa,1111,81,267,412,351,-0.5618421052631579,0.0729072907290729,0.2403240324032403,0.3708370837083708,0.3159315931593159,71.0,26.0,35.0,Fintech
shai.pro,1111,66,200,150,695,-0.2860576923076923,0.0594059405940594,0.18001800180018,0.135013501350135,0.6255625562556255,75.0,80.0,9.0,ИТ продуктовая компания
Казахстанская фондовая биржа (KASE),1111,307,345,345,114,-0.0922768304914744,0.2763276327632763,0.3105310531053105,0.3105310531053105,0.1026102610261026,22.0,42.0,57.0,Финансовый сектор (банк / брокер / страховая компания)
Казахтелеком,1111,110,205,778,18,-0.9807868252516012,0.099009900990099,0.1845184518451845,0.7002700270027002,0.0162016201620162,60.0,1.0,76.0,Телекоммуникации
Национальные информационные технологии (АО «НИТ»),1111,160,202,516,233,-0.6571753986332574,0.144014401440144,0.1818181818181818,0.4644464446444644,0.2097209720972097,42.0,15.0,44.0,ИТ продуктовая компания
Первое Кредитное Бюро (ПКБ),1111,129,240,554,188,-0.71397616468039,0.1161116111611161,0.216021602160216,0.4986498649864986,0.1692169216921692,50.0,10.0,47.0,Финансовый сектор (банк / брокер / страховая компания)
Центральный депозитарий ценных бумаг (KCSD),1111,149,234,391,337,-0.4935400516795866,0.1341134113411341,0.2106210621062106,0.3519351935193519,0.3033303330333033,45.0,33.0,37.0,Финансовый сектор (банк / брокер / страховая компания)
