company_name,want_pct_change,unsure_pct_change,not_want_pct_change,unknown_brand_pct_change,rank_want_change,rank_not_want_change,rank_unknown_brand_change,company_status_vs_2025
1Fit,-0.1100557938530009,0.0278720054415864,0.0925546137675656,-0.0103708253561512,-24.0,12.0,-26.0,Present in both
Air Astana,0.0225652858445453,-0.0198774763469832,-0.002816812625888,0.0001290031283258,0.0,-9.0,-27.0,Present in both
Alabs.Team (Noventiq),-0.0011976767709344,-0.0296516622346273,-0.065008781008394,0.0958581200139557,-22.0,-21.0,-3.0,Present in both
Alatau City Bank,,,,,,,,NEW in 2026
Alatau City Invest,,,,,,,,NEW in 2026
Andersen Labs,-0.0109630669907381,-0.0381797951782149,0.0278698065246263,0.0212730556443266,-7.0,-2.0,-12.0,Present in both
AtyrauTechInvest,-0.006427434274372,-0.0298671560967171,0.0454406189804648,-0.0091460286093756,-24.0,1.0,-8.0,Present in both
Awara IT,,,,,,,,NEW in 2026
Axellect,-0.0080128534026041,-0.0271243736751525,-0.0206947404838203,0.0558319675615769,-24.0,-12.0,-4.0,Present in both
BCC Hub,,,,,,,,NEW in 2026
BCC Invest,0.0553408761071546,-0.0555776261665254,-0.0441300644722453,0.044366814531616,2.0,-9.0,-16.0,Present in both
BI Innovations,-0.0499615922504302,0.0008260598046774,-0.0193167525221577,0.0684522849679104,-9.0,-11.0,-11.0,Present in both
BTSDigital,0.022338064425335,-0.0149482374947592,0.0158725155903212,-0.023262342520897,-5.0,-2.0,-18.0,Present in both
Bank CenterCredit & BCC Hub,0.1401662967599691,-0.0269895067682664,-0.1244931496406969,0.0113163596489942,12.0,-23.0,-19.0,Present in both
Bank RBK,0.007460925245619,0.0077717055093131,-0.0157068638459937,0.0004742330910615,-17.0,-1.0,-22.0,Present in both
Beeline,0.0122355069383159,0.0102103044180639,-0.0353901025281681,0.0129442911717881,0.0,-14.0,-18.0,Present in both
Bereke Bank,0.0303523837725791,0.0142423851505671,-0.0492249550687968,0.0046301861456503,-4.0,-3.0,-22.0,Present in both
Bilim Group,,,,,,,,NEW in 2026
Business & Technology Services (ERG BTS),0.0233649586457016,-0.0185500634754029,-0.0312348824458993,0.0264199872756004,1.0,-12.0,-11.0,Present in both
Cerebra,,,,,,,,NEW in 2026
Chocofamily,0.0154825743160635,0.0591611278391682,-0.0812463168140918,0.00660261465886,-5.0,-12.0,-22.0,Present in both
Citix,-0.0060778064777161,-0.0057765548541824,-0.0092039334226582,0.0210582947545568,-6.0,-10.0,-14.0,Present in both
CyberNet AI,,,,,,,,NEW in 2026
DAR Tech,0.0117488133178138,-0.0174769919988741,0.0082855191056564,-0.0025573404245962,-6.0,-4.0,-16.0,Present in both
DataArt,-0.0116454642206892,-0.0238216004010825,-0.0139645886412745,0.0494316532630461,-7.0,-11.0,-10.0,Present in both
DeoniX (экс DIS Group),,,,,,,,NEW in 2026
Documentolog,0.0006039691917074,0.0259838687451807,0.0250485960648181,-0.0516364340017063,-16.0,1.0,-21.0,Present in both
EPAM Kazakhstan,0.0061056594258774,0.0154385959768615,-0.0349210002433468,0.0133767448406078,-1.0,-13.0,-20.0,Present in both
Eurasian Bank,0.0127757075381805,0.0068694165833521,-0.0162177455530569,-0.0034273785684757,-15.0,-2.0,-23.0,Present in both
ForteBank,0.077972129460503,-0.0239029603286061,-0.0593846843967784,0.0053155152648815,5.0,-7.0,-23.0,Present in both
Freedom Bank,0.0684244320197491,-0.0254487989515564,-0.0374043104636196,-0.0055713226045731,3.0,-13.0,-29.0,Present in both
Freedom Broker,0.0778050117715354,-0.0508638811763912,-0.0086424766255127,-0.0182986539696314,3.0,-4.0,-27.0,Present in both
Freedom Cloud,,,,,,,,NEW in 2026
"Freedom Lifestyle (Arbuz, Aviata, Ticketon)",0.1724874441841577,-0.0670863910495284,-0.0816578807717905,-0.0237431723628388,6.0,-21.0,-31.0,Present in both
Freedom Pay,0.0370883993936852,-0.0333333821981547,0.0256437695886851,-0.0293987867842158,-2.0,-2.0,-26.0,Present in both
Freedom Telecom,0.0643886864256457,-0.0333751616203965,-0.0071420822864045,-0.0238714425188447,0.0,-3.0,-28.0,Present in both
Globerce Capital,0.0602649841531384,-0.0235218147221888,0.0042952177953951,-0.0410383872263448,-1.0,-9.0,-12.0,Present in both
Halyk Bank,0.1273077633496248,-0.0458085710851215,-0.0875857944100599,0.0060866021455565,11.0,-9.0,-24.0,Present in both
Halyk FinService,0.0454391530358247,-0.0473067665072696,0.0182781307446705,-0.0164105172732257,3.0,3.0,-22.0,Present in both
Halyk Finance,0.1056594258774411,-0.0433201300586085,-0.0421547040697555,-0.0201845917490771,14.0,-5.0,-27.0,Present in both
Higgsfield AI,,,,,,,,NEW in 2026
InDrive,0.0363671546307725,-0.0006325551121887,-0.0385213602793504,0.0027867607607666,0.0,-15.0,-25.0,Present in both
KAP Technology,0.0041588849438689,-0.0462828041761831,-0.0276806996660578,0.0698046188983718,-21.0,-13.0,0.0,Present in both
KMF Bank,0.0255492161594009,0.0018111746028022,0.0022062466833002,-0.0295666374455035,-3.0,2.0,-21.0,Present in both
Kaspi Bank,0.0724506489736921,-0.0481218317271466,-0.0301581461077704,0.0058293288612248,0.0,-9.0,-24.0,Present in both
KazDream IT Holding,,,,,,,,NEW in 2026
Kazteleport,,,,,,,,NEW in 2026
Kcell,0.0436448367963832,0.0022414293546618,-0.0528729583056026,0.0069866921545574,-1.0,-8.0,-23.0,Present in both
Kolesa Group,0.0681715565693377,-0.0146491847881856,-0.0651385171090399,0.0116161453278878,0.0,-17.0,-19.0,Present in both
Korona Tech Kazakhstan,,,,,,,,NEW in 2026
Magnum GO E-Commerce,-0.0253674390240327,0.0229427665893624,-0.019521251799447,0.0219459242341172,-15.0,-1.0,-17.0,Present in both
Mechta Market,-0.0076258440176265,0.0002690008414522,-0.0220903197811638,0.029447162957338,-20.0,-2.0,-16.0,Present in both
Mycar Digital,0.0472429979154266,0.0244864062953525,-0.0404893909586398,-0.0312400132521395,-3.0,-15.0,-24.0,Present in both
Mytona,,,,,,,,NEW in 2026
Netcracker Technology,-0.033254221187591,-0.0047929060006977,-0.0325666931513998,0.0706138203396886,-17.0,-14.0,-5.0,Present in both
Norsec Delta Projects,0.0056167668884152,-0.0458972607358455,-0.0469248879285322,0.0872053817759626,-21.0,-20.0,2.0,Present in both
ONAY,-0.0326971622243657,-0.0169609794855707,0.0186233607074062,0.0310347810025302,-18.0,2.0,-18.0,Present in both
Ozon,,,,,,,,NEW in 2026
PS Cloud Services (PS.kz),,,,,,,,NEW in 2026
Plata,,,,,,,,NEW in 2026
Playrix,,,,,,,,NEW in 2026
Plexy Holding,,,,,,,,NEW in 2026
Prime Source,-0.0064684807242939,-0.0502232633686821,-0.0076133834881859,0.0643051275811619,-20.0,-3.0,-9.0,Present in both
QazCloud,,,,,,,,NEW in 2026
QazCode,0.0654126487567323,-0.0224502091903001,-0.0157200573477543,-0.0272423822186779,6.0,-11.0,-16.0,Present in both
Qiwi,-0.0052678720640793,-0.0058168683317843,-0.0298495647610363,0.0409343051569,-20.0,-1.0,-14.0,Present in both
Rocket Tech,0.0110209718040207,-0.0273362026756421,-0.0193629297783198,0.0356781606499411,-3.0,-9.0,-11.0,Present in both
STRONG Team,0.0022744131090633,-0.0464953661489927,-0.0264800910058432,0.0707010440457726,-20.0,-14.0,-3.0,Present in both
Sergek Group,0.0527292957308759,-0.0137483618068647,0.0301053721007279,-0.0690863060247393,-1.0,1.0,-30.0,Present in both
Snoonu,,,,,,,,NEW in 2026
Sulpak,-0.0272130633258765,-0.0182041005403472,0.0272863605578798,0.0181308033083438,-28.0,0.0,-16.0,Present in both
T-Bank (Tinkoff R&D),-0.0241118574398156,0.0093094814367429,0.0035255968593601,0.0112767791437124,-2.0,-5.0,-20.0,Present in both
TSARKA,0.0027105316394831,0.030525365240107,-0.0262213517768715,-0.0070145451027187,-8.0,-12.0,-16.0,Present in both
Tarlan Payments,0.0075877294569847,-0.0137073153569428,0.0133422951415662,-0.0072227092416082,-19.0,-5.0,-10.0,Present in both
Technodom,-0.0669848743832038,-0.0180750974120214,0.0756727952925585,0.0093871765026665,-28.0,6.0,-21.0,Present in both
Tele2/Altel,-0.0176008643209598,-0.0097170140466815,0.0196883694884146,0.0076295088792266,-6.0,2.0,-23.0,Present in both
Transtelecom,,,,,,,,NEW in 2026
Umag,,,,,,,,NEW in 2026
Verigram AI,,,,,,,,NEW in 2026
Wildberries,,,,,,,,NEW in 2026
Wooppay,0.0056211647223353,-0.0493634868372831,0.0058843017852273,0.0378580203297202,-6.0,-7.0,-13.0,Present in both
Yandex Qazaqstan,0.0104859020103965,0.0033921958971141,-0.02420787681374,0.0103297789062293,0.0,-14.0,-20.0,Present in both
Zimran,,,,,,,,NEW in 2026
abr tech (abr+),0.0067821928772681,-0.0073597750654544,0.0212283443328045,-0.0206507621446183,-7.0,-3.0,-20.0,Present in both
iHub Centras Group,0.0078882481081984,-0.0282377586292831,-0.0191518337501502,0.0395013442712348,-19.0,-12.0,-3.0,Present in both
iQSolutions,0.0088308505117612,-0.0493261052489613,-0.0557542724956534,0.0962495272328535,-20.0,-24.0,3.0,Present in both
re:Kassa,,,,,,,,NEW in 2026
shai.pro,,,,,,,,NEW in 2026
Казахстанская фондовая биржа (KASE),,,,,,,,NEW in 2026
Казахтелеком,-0.1143451478698358,0.0061796896302007,0.0968498315629607,0.0113156266766741,-34.0,3.0,-20.0,Present in both
Национальные информационные технологии (АО «НИТ»),-0.0025654031201166,0.0075510808409831,-0.0233385716421805,0.0183528939213139,-7.0,-1.0,-17.0,Present in both
Первое Кредитное Бюро (ПКБ),-0.0223248709235744,0.0116242080234081,0.0613534480483878,-0.0506527851482216,-10.0,9.0,-22.0,Present in both
Центральный депозитарий ценных бумаг (KCSD),0.0347648771391797,0.0168099871876438,0.0107299817929675,-0.0623048461197911,-1.0,-2.0,-22.0,Present in both
